{"0": {"splitting_variable": 5, "splitting_threshold": 0.581347, "left": {"splitting_variable": 13, "splitting_threshold": 0.074132, "left": {"splitting_variable": 0, "splitting_threshold": 0.863349, "left": {"splitting_variable": 5, "splitting_threshold": 0.04124, "left": 0.39000138000000006, "right": {"splitting_variable": 0, "splitting_threshold": 0.212928, "left": 0.37156338, "right": 0.35559138}}, "right": 0.17130038000000003}, "right": {"splitting_variable": 1, "splitting_threshold": 0.372454, "left": {"splitting_variable": 3, "splitting_threshold": 0.134382, "left": {"splitting_variable": 1, "splitting_threshold": 0.076251, "left": -0.58047562, "right": -0.51808762}, "right": {"splitting_variable": 17, "splitting_threshold": 0.4062, "left": -0.21775837, "right": -0.27443112}}, "right": {"splitting_variable": 1, "splitting_threshold": 0.666743, "left": {"splitting_variable": 0, "splitting_threshold": 0.733315, "left": 0.13042188, "right": -0.27103012}, "right": {"splitting_variable": 7, "splitting_threshold": 0.629194, "left": -0.24741886999999999, "right": -0.42338412000000003}}}}, "right": {"splitting_variable": 18, "splitting_threshold": 0.871386, "left": {"splitting_variable": 0, "splitting_threshold": 0.887243, "left": {"splitting_variable": 9, "splitting_threshold": 0.457512, "left": {"splitting_variable": 7, "splitting_threshold": 0.431423, "left": -0.07855661999999997, "right": 0.15299104666666666}, "right": {"splitting_variable": 9, "splitting_threshold": 0.815639, "left": 0.31838427999999996, "right": 0.15466088000000006}}, "right": -0.28205562}, "right": {"splitting_variable": 0, "splitting_threshold": 0.241952, "left": -0.31115761999999997, "right": {"splitting_variable": 0, "splitting_threshold": 0.40465, "left": -0.011019620000000008, "right": -0.10757262000000001}}}}, "1": {"splitting_variable": 5, "splitting_threshold": 0.581347, "left": {"splitting_variable": 13, "splitting_threshold": 0.074132, "left": {"splitting_variable": 0, "splitting_threshold": 0.863349, "left": {"splitting_variable": 5, "splitting_threshold": 0.04124, "left": 0.35100124200000005, "right": {"splitting_variable": 0, "splitting_threshold": 0.212928, "left": 0.33440704200000004, "right": 0.320032242}}, "right": 0.15417034200000002}, "right": {"splitting_variable": 12, "splitting_threshold": 0.06738, "left": {"splitting_variable": 0, "splitting_threshold": 0.217569, "left": 0.07929819199999999, "right": 0.35643819200000004}, "right": {"splitting_variable": 12, "splitting_threshold": 0.866708, "left": {"splitting_variable": 3, "splitting_threshold": 0.134382, "left": -0.41142287675, "right": -0.1848660712352941}, "right": {"splitting_variable": 0, "splitting_threshold": 0.399324, "left": 0.342390192, "right": 0.07578019199999997}}}}, "right": {"splitting_variable": 18, "splitting_threshold": 0.871386, "left": {"splitting_variable": 0, "splitting_threshold": 0.887243, "left": {"splitting_variable": 9, "splitting_threshold": 0.457512, "left": {"splitting_variable": 7, "splitting_threshold": 0.431423, "left": -0.07070095799999998, "right": 0.13769194200000004}, "right": {"splitting_variable": 4, "splitting_threshold": 0.330882, "left": 0.181321122, "right": 0.30232045199999996}}, "right": -0.253850058}, "right": {"splitting_variable": 0, "splitting_threshold": 0.241952, "left": -0.280041858, "right": {"splitting_variable": 0, "splitting_threshold": 0.40465, "left": -0.009917657999999996, "right": -0.09681535799999996}}}}, "2": {"splitting_variable": 5, "splitting_threshold": 0.581347, "left": {"splitting_variable": 13, "splitting_threshold": 0.074132, "left": {"splitting_variable": 0, "splitting_threshold": 0.863349, "left": {"splitting_variable": 5, "splitting_threshold": 0.04124, "left": 0.3159011178000001, "right": {"splitting_variable": 0, "splitting_threshold": 0.212928, "left": 0.30096633780000004, "right": 0.2880290178}}, "right": 0.13875330780000006}, "right": {"splitting_variable": 1, "splitting_threshold": 0.372454, "left": {"splitting_variable": 3, "splitting_threshold": 0.134382, "left": {"splitting_variable": 1, "splitting_threshold": 0.076251, "left": -0.48128577032500003, "right": -0.42513657032499996}, "right": {"splitting_variable": 17, "splitting_threshold": 0.4062, "left": -0.17749592587647056, "right": -0.22850140087647047}}, "right": {"splitting_variable": 1, "splitting_threshold": 0.666743, "left": {"splitting_variable": 10, "splitting_threshold": 0.413381, "left": 0.26414144824117647, "right": -0.04510172268319327}, "right": {"splitting_variable": 7, "splitting_threshold": 0.629194, "left": -0.1985264557386029, "right": -0.3625591008764706}}}}, "right": {"splitting_variable": 18, "splitting_threshold": 0.871386, "left": {"splitting_variable": 0, "splitting_threshold": 0.887243, "left": {"splitting_variable": 9, "splitting_threshold": 0.457512, "left": {"splitting_variable": 7, "splitting_threshold": 0.431423, "left": -0.06363086220000003, "right": 0.12392274780000005}, "right": {"splitting_variable": 4, "splitting_threshold": 0.330882, "left": 0.1631890098, "right": 0.27208840679999996}}, "right": -0.22846505219999996}, "right": {"splitting_variable": 0, "splitting_threshold": 0.241952, "left": -0.2520376722, "right": {"splitting_variable": 0, "splitting_threshold": 0.40465, "left": -0.008925892199999952, "right": -0.08713382219999999}}}}, "3": {"splitting_variable": 5, "splitting_threshold": 0.581347, "left": {"splitting_variable": 13, "splitting_threshold": 0.074132, "left": {"splitting_variable": 0, "splitting_threshold": 0.863349, "left": {"splitting_variable": 5, "splitting_threshold": 0.04124, "left": 0.28431100602000003, "right": {"splitting_variable": 0, "splitting_threshold": 0.212928, "left": 0.27086970402, "right": 0.25922611602}}, "right": 0.12487797702000003}, "right": {"splitting_variable": 12, "splitting_threshold": 0.06738, "left": {"splitting_variable": 0, "splitting_threshold": 0.217569, "left": 0.07587854506831926, "right": 0.29438022797588237}, "right": {"splitting_variable": 12, "splitting_threshold": 0.866708, "left": {"splitting_variable": 17, "splitting_threshold": 0.985205, "left": -0.20243621199439077, "right": 0.13706465429941184}, "right": {"splitting_variable": 0, "splitting_threshold": 0.399324, "left": 0.2817370279758823, "right": 0.07271234506831925}}}}, "right": {"splitting_variable": 18, "splitting_threshold": 0.871386, "left": {"splitting_variable": 0, "splitting_threshold": 0.887243, "left": {"splitting_variable": 9, "splitting_threshold": 0.457512, "left": {"splitting_variable": 7, "splitting_threshold": 0.559021, "left": -0.02437758186888887, "right": 0.14659430635333331}, "right": {"splitting_variable": 9, "splitting_threshold": 0.815639, "left": 0.23370294066000002, "right": 0.10474377882000002}}, "right": -0.20561854697999998}, "right": {"splitting_variable": 0, "splitting_threshold": 0.241952, "left": -0.22683390498000006, "right": {"splitting_variable": 0, "splitting_threshold": 0.40465, "left": -0.008033302979999934, "right": -0.07842043998000003}}}}, "4": {"splitting_variable": 5, "splitting_threshold": 0.581347, "left": {"splitting_variable": 13, "splitting_threshold": 0.074132, "left": {"splitting_variable": 0, "splitting_threshold": 0.863349, "left": {"splitting_variable": 5, "splitting_threshold": 0.04124, "left": 0.255879905418, "right": {"splitting_variable": 0, "splitting_threshold": 0.212928, "left": 0.24378273361799996, "right": 0.23330350441799996}}, "right": 0.112390179318}, "right": {"splitting_variable": 1, "splitting_threshold": 0.372454, "left": {"splitting_variable": 3, "splitting_threshold": 0.134382, "left": {"splitting_variable": 1, "splitting_threshold": 0.076251, "left": -0.41291357209306095, "right": -0.36237929209306097}, "right": {"splitting_variable": 1, "splitting_threshold": 0.316961, "left": -0.14492359758938436, "right": -0.20420813958938427}}, "right": {"splitting_variable": 1, "splitting_threshold": 0.666743, "left": {"splitting_variable": 0,